algo,runs,quality_rank_mean,time_rank_mean,combined_rank_mean,gap_mean_pct,win_rate_pct,within_1pct_rate,median_time_s,mean_time_ratio
tabu,1551,2.5319148936170213,1.5460992907801419,2.0390070921985815,5.643128430061938,21.79239200515796,30.81882656350741,0.333681,1.0519427891271746
sa,1552,2.716494845360825,1.6243556701030928,2.1704252577319587,6.434812665080312,18.105670103092784,25.128865979381445,0.3036585,1.4498051924923698
grasp,1552,2.402061855670103,2.8286082474226806,2.6153350515463916,5.0446409639440075,28.47938144329897,37.11340206185567,0.654489,2.133290711823524
ga,1548,2.2248062015503876,4.0,3.112403100775194,4.096751098874185,36.49870801033592,44.57364341085272,14.358115999999999,46.64290150139559
