algo,runs,quality_rank_mean,time_rank_mean,combined_rank_mean,gap_mean_pct,win_rate_pct,within_1pct_rate,median_time_s,mean_time_ratio
tabu,550,2.3036363636363637,1.5836363636363637,1.9436363636363636,1.2481425005228612,34.909090909090914,59.63636363636363,0.068893,1.8300902055422592
sa,550,3.0436363636363635,1.5709090909090908,2.307272727272727,2.33574937829304,21.818181818181817,42.54545454545455,0.044772,2.2667655665346964
grasp,550,1.770909090909091,2.8454545454545452,2.308181818181818,0.7023491258843931,48.90909090909091,75.81818181818181,0.4385375,13.56515157958387
ga,550,1.1545454545454545,4.0,2.577272727272727,0.1432899587441627,88.9090909090909,95.45454545454545,15.9980555,488.34863131565476
